Europeana ID,Acoustic Guitar,Banjo,Bass,Brass,Drums,Electric Guitar,Harmonica,Piano,Orchestra,Synthesizer,Violin,Woodwind
446/MOD1583933,0,0,0,0,1,1,0,0,0,0,0,0
496/RAV1939680,0,0,1,0,1,1,0,0,0,0,0,0
446/MIL0857693,0,0,0,0,0,0,0,0,0,0,1,0
446/MIL0871748,1,0,0,0,0,1,0,1,0,0,0,0
446/MIL0872845,0,0,0,0,0,0,0,1,0,0,1,0
496/UBO3727823,0,0,1,1,1,0,0,0,0,0,0,0
2059210/data_sounds_http___archive_org_download_BackyardTireFire2008_09_12_matrix_BackyardTireFire2008_09_12d2t07_mp3,0,0,1,0,1,1,0,1,0,0,0,0
2059210/data_sounds_http___archive_org_download_campervanbeethoven2009_01_08_mbho_flac24_cvb2009_01_08_mbho_t20_mp3,0,0,0,0,1,1,0,0,0,0,1,0
496/MIL0876433,0,0,0,0,0,0,0,0,1,0,0,0
446/MIL0872569,0,0,0,0,1,1,0,0,0,0,0,1
496/MIL0882966,0,0,1,0,1,1,0,0,0,0,0,0
496/CAG1922731,0,0,1,0,1,1,0,0,0,0,0,0
496/CAG1973216,0,0,0,0,1,1,0,0,0,1,0,0
496/MIL0879590,0,0,0,0,0,0,0,0,1,0,0,0
496/LO11305111,0,0,0,0,1,1,0,0,0,0,0,0
496/MIL0865333,0,0,0,0,0,0,0,0,1,0,0,0
496/MIL0865371,0,0,0,0,1,0,0,0,0,1,0,0
446/UBO3511247,1,0,0,0,0,0,0,0,0,0,0,0
496/MOD1567505,0,0,1,0,1,1,0,0,0,0,0,0
496/LO11269228,1,0,0,0,1,1,0,0,0,0,0,0
496/LO11410009,1,0,0,0,0,0,0,0,0,0,0,0
446/MIL0871279,0,0,0,0,1,1,0,0,0,0,0,0
496/MIL0874403,0,0,1,0,1,1,0,0,0,1,0,0
9200369/webclient_DeliveryManager_pid_8397160_custom_att_2_simple_viewer,0,0,0,0,0,0,0,0,1,0,0,0
446/LO11369004,1,0,0,0,0,0,1,0,0,0,0,0
2059210/data_sounds_http___archive_org_download_hbr2007_01_19_sbd_flac16_hbr2007_01_19d2t11SwingAndSway_mp3,0,1,0,0,0,0,0,0,0,0,1,0
9200369/webclient_DeliveryManager_pid_8398380_custom_att_2_simple_viewer,0,0,0,0,0,0,0,1,0,0,1,0
496/MIL0866602,0,0,0,0,0,0,0,0,1,0,0,0
2059210/data_sounds_http___archive_org_download_hd2004_04_30_flac16_hd_2004_04_30_d1t02_mp3,0,1,0,0,1,0,0,0,0,0,0,0
496/LO11378392,0,0,0,0,1,0,0,1,0,1,0,0
2059210/data_sounds_http___archive_org_download_oprh2007_08_23_flac16_oprh2007_08_23t09_mp3,0,0,1,0,1,1,0,0,0,0,0,0
446/MIL0872859,0,0,0,0,0,0,0,0,0,1,1,0
2059210/data_sounds_http___archive_org_download_caitlinrose2010_12_13_caitlinrose20101213d01t03_mp3,1,0,0,0,0,0,0,0,0,0,0,0
496/MIL0876371,0,0,0,0,0,0,0,0,0,0,1,0
2059210/data_sounds_http___archive_org_download_gdegraw2004_05_30_shnf_gdegraw2004_05_30t07_mp3,1,0,0,0,1,0,0,0,0,0,0,0
496/RAV1939690,0,0,1,0,1,1,0,0,0,0,0,0
496/MIL0879092,0,0,1,1,1,0,0,0,0,1,0,0
2059210/data_sounds_http___archive_org_download_mj2007_02_23_shnf_mj_2007_02_23t02_mp3,1,0,0,0,0,0,0,0,0,0,0,0
446/MIL0882313,0,0,0,0,0,0,0,0,1,0,0,0
2059210/data_sounds_http___archive_org_download_mnathanson2008_10_03_studioprojectsc4_mnathanson2008_10_03d2t02_mp3,1,0,0,0,1,1,0,0,0,0,0,0
496/MIL0875881,0,0,0,0,0,0,0,0,0,0,1,0
2059210/data_sounds_http___archive_org_download_marcobenevento2014_09_16_tlm170_flac16_marcobenevento2014_09_16t04_mp3,0,0,0,0,1,0,0,0,0,1,0,0
9200369/webclient_DeliveryManager_pid_7782343_custom_att_2_simple_viewer,0,0,0,0,0,0,0,0,1,0,0,0
446/MIL0882025,0,0,0,0,0,0,0,0,0,0,1,0
496/MIL0872884,1,0,0,0,0,0,0,0,0,0,1,0
2059210/data_sounds_http___archive_org_download_vanderark2009_09_27_flac16_vanderark2009_09_27d01t10_mp3,1,0,0,0,0,0,0,0,0,0,0,0
496/MIL0868190,0,0,0,0,0,0,0,1,0,0,0,0
496/MIL0876436,0,0,0,0,0,0,0,0,1,0,0,0
2059210/data_sounds_http___archive_org_download_oprh2007_08_23_flac16_oprh2007_08_23t06_mp3,0,0,0,0,1,1,0,0,0,0,0,0
496/LO11404963,0,0,1,0,1,0,0,0,0,0,0,0
446/MIL0882053,0,0,0,0,0,0,0,0,1,0,0,0
9200369/webclient_DeliveryManager_pid_7644066_custom_att_2_simple_viewer,0,0,0,0,0,0,0,0,1,0,0,0
496/VIA0212858,0,0,0,0,0,0,0,0,1,0,0,0
496/LO11340419,1,0,0,0,0,0,0,1,0,0,0,0
496/MIL0875862,0,0,1,0,1,0,0,0,0,1,0,0
446/VIA0198804,1,0,0,0,0,0,0,0,0,0,0,0
496/MIL0872806,0,0,0,0,1,0,1,0,0,0,0,0
496/LO11367827,1,0,0,0,0,0,0,0,0,1,0,0
2059210/data_sounds_http___archive_org_download_gp2013_04_27_aud_flac16_gp2013_04_27t07_mp3,1,0,0,0,0,0,0,0,0,0,0,0
496/MIL0864405,0,0,0,0,0,0,0,0,1,0,0,0
496/TSA1398198,0,0,0,1,0,0,0,0,0,0,1,0
496/MIL0873323,0,0,0,0,0,0,0,0,0,0,1,0
2059210/data_sounds_http___archive_org_download_marcobenevento2014_09_16_tlm170_flac16_marcobenevento2014_09_16t11_mp3,0,0,1,0,1,0,0,0,0,0,0,0
9200369/webclient_DeliveryManager_pid_7781803_custom_att_2_simple_viewer,0,0,0,0,0,0,0,0,1,0,0,0
9200369/webclient_DeliveryManager_pid_7651618_custom_att_2_simple_viewer,0,0,0,0,0,0,0,0,1,0,0,0
9200369/webclient_DeliveryManager_pid_7408337_custom_att_2_simple_viewer,0,0,0,0,0,0,0,0,1,0,0,0
446/MIL0881374,0,0,0,0,0,0,0,0,1,0,0,0
9200369/webclient_DeliveryManager_pid_8388208_custom_att_2_simple_viewer,0,0,0,0,0,0,0,1,0,0,0,0
446/MIL0881555,0,0,0,0,0,0,0,0,0,0,1,0
9200369/webclient_DeliveryManager_pid_7879014_custom_att_2_simple_viewer,0,0,0,0,0,0,0,0,1,0,0,0
496/VIA0222278,0,0,0,0,1,1,0,0,0,1,0,0
9200369/webclient_DeliveryManager_pid_8410222_custom_att_2_simple_viewer,0,0,0,0,0,0,0,0,1,0,0,0
496/MIL0879590,0,0,0,0,0,0,0,0,1,0,0,0
446/MOD1570509,0,0,0,0,1,1,0,0,0,0,0,0
2059210/data_sounds_http___archive_org_download_wz1995_07_29_aud_DSM_6p_arf_flac16_d01t14_mp3,0,0,1,0,1,1,1,0,0,0,0,0
496/MIL0871459,0,0,0,0,0,0,0,0,1,0,0,0
2059210/data_sounds_http___archive_org_download_bushwalla2013_10_12_show2_flac16_bushwalla2013_10_12d01t04_mp3,1,0,0,0,0,0,0,0,0,0,0,0
496/MIL0882919,0,0,0,0,0,0,0,0,0,0,1,0
2059210/data_sounds_http___archive_org_download_bva2014_07_27_live2cd_flac16_bva2014_07_27t04_mp3,1,0,0,0,0,0,1,0,0,0,0,0
496/UBO3950823,0,0,0,0,0,0,0,0,1,0,0,0
9200369/webclient_DeliveryManager_pid_8405025_custom_att_2_simple_viewer,0,0,0,0,0,0,0,0,1,0,0,0
446/MIL0875795,0,0,0,0,0,0,0,0,1,0,0,0
496/MIL0874595,0,0,0,0,0,0,0,1,0,0,1,0
446/MOD1568166,0,0,0,0,0,0,0,0,1,0,0,0
9200369/webclient_DeliveryManager_pid_7411031_custom_att_2_simple_viewer,0,0,0,0,0,0,0,0,1,0,0,0
496/RAV1369701,0,0,0,0,0,0,0,0,0,0,0,0
496/MIL0871122,1,0,0,0,1,1,0,0,0,1,0,0
496/MIL0875845,0,0,0,0,0,0,0,0,1,0,0,0
496/MOD1575994,0,0,0,0,1,1,0,0,0,0,0,0
2059210/data_sounds_http___archive_org_download_bobwalkenhorst2003_06_18_shnf_bobwalkenhorst2003_06_18d1t07_mp3,1,0,1,0,0,0,0,0,0,0,0,0
446/MIL0879104,0,0,0,0,0,0,0,0,1,0,0,0
496/LO11344194,0,0,0,0,0,0,0,1,0,0,0,0
496/UFE0971062,0,0,0,1,1,0,0,0,0,1,0,0
9200369/webclient_DeliveryManager_pid_8405675_custom_att_2_simple_viewer,0,0,0,0,0,0,0,1,0,0,0,0
496/MIL0871684,0,0,0,0,0,0,0,1,0,0,0,0
496/MIL0877953,0,0,0,1,0,0,0,0,0,0,0,0
496/MIL0868691,0,0,1,0,1,1,0,0,0,0,0,0
496/LO11418826,0,0,1,0,1,0,0,0,0,0,0,0
496/UBO3825584,0,0,0,0,1,1,0,0,0,0,0,0
496/MIL0791822,0,0,0,0,1,1,0,0,0,0,0,0
2059210/data_sounds_http___archive_org_download_bw2013_08_18_schoepsmk41_flac16_bw2013_08_18t08_mp3,1,0,0,0,0,0,0,0,0,0,0,0
496/LO11104173,1,0,0,0,0,0,0,0,0,0,1,0
2059210/data_sounds_http___archive_org_download_bc2005_06_30_flac16_bc2005_06_30t07_mp3,0,0,0,0,0,0,0,0,0,1,0,0
9200369/webclient_DeliveryManager_pid_7787053_custom_att_2_simple_viewer,0,0,0,0,0,0,0,0,0,0,1,0
496/LO11415423,0,0,0,0,0,0,0,0,1,0,0,0
496/CAG1728394,1,0,1,0,1,0,0,0,0,0,0,0
496/MIL0882621,0,0,0,0,0,0,0,0,1,0,0,0
496/CAG1899140,0,0,0,0,0,0,0,1,0,0,1,0
496/MIL0869495,0,0,1,0,1,0,0,0,0,1,0,0
496/MOD0893557,0,0,1,0,1,0,0,0,0,0,0,0
2059210/data_sounds_http___archive_org_download_emckeown2005_06_29_flac16_emckeown2005_06_29t14_mp3,0,0,1,0,1,1,0,0,0,0,0,0
496/MIL0865474,0,0,0,0,0,0,0,1,0,0,0,0
496/MIL0878000,0,0,1,0,1,0,0,0,0,0,0,0
9200369/webclient_DeliveryManager_pid_8394233_custom_att_2_simple_viewer,0,0,0,0,0,0,0,0,1,0,0,0
496/MIL0870568,0,0,0,0,1,0,0,0,0,1,0,0
496/CAG1759765,0,0,1,0,1,0,0,0,0,0,1,1
446/LO11210210,1,0,0,0,0,0,0,1,0,0,0,0
2059210/data_sounds_http___archive_org_download_vanderark2009_09_27_flac16_vanderark2009_09_27d01t12_mp3,1,0,0,0,0,0,0,0,0,0,0,0
496/MIL0866000,1,0,0,0,0,0,0,1,0,0,0,0
2059210/data_sounds_http___archive_org_download_bobwalkenhorst2014_04_23_flac_bobwalkenhorst2014_04_23d2t08_mp3,1,0,0,0,0,0,0,0,0,0,0,0
9200369/webclient_DeliveryManager_pid_8380430_custom_att_2_simple_viewer,0,0,0,0,1,0,0,1,0,0,0,0
496/MIL0881663,0,0,0,0,0,0,0,0,1,0,0,0
9200369/webclient_DeliveryManager_pid_8372847_custom_att_2_simple_viewer,0,0,0,0,0,0,0,0,1,0,0,0
446/LO11344164,0,0,1,0,1,1,0,0,0,1,0,0
446/MIL0869824,1,0,0,0,1,0,0,0,0,1,0,0
2059210/data_sounds_http___archive_org_download_bhs1996_10_19_flac16_bhs1996_10_19d1t10_mp3,0,0,1,0,1,1,0,0,0,0,0,0
496/CAG1994433,1,0,0,0,1,0,0,0,0,0,0,0
496/MIL0875273,0,0,1,0,1,1,0,0,0,0,0,0
2059210/data_sounds_http___archive_org_download_marcobenevento2014_09_16_tlm170_flac16_marcobenevento2014_09_16t26_mp3,0,0,1,0,1,1,0,0,0,0,0,0
9200369/webclient_DeliveryManager_pid_8404517_custom_att_2_simple_viewer,0,0,0,0,0,0,0,0,1,0,0,0
446/MIL0883138,0,0,0,0,0,0,0,0,1,0,0,0
496/MIL0863767,0,0,0,0,1,1,0,0,0,0,0,0
446/UBO3784622,0,0,0,0,0,0,0,0,0,1,0,0
496/MIL0869682,1,0,0,0,0,0,0,1,0,0,0,0
446/MIL0879360,0,0,0,0,0,0,0,0,0,0,1,0
446/MIL0864031,0,0,0,0,1,1,0,0,0,0,0,0
446/TSA1363280,0,0,0,0,0,0,0,1,0,1,0,0
9200369/webclient_DeliveryManager_pid_8365484_custom_att_2_simple_viewer,0,0,0,0,0,0,0,0,1,0,0,0
2059210/data_sounds_http___archive_org_download_guster2011_11_25_km201_flac24_guster2011_11_25t12_mp3,1,0,0,0,1,0,0,0,0,0,0,0
496/MIL0863964,0,0,0,0,1,0,0,0,0,1,0,0
496/MIL0881630,0,0,0,1,0,0,0,1,0,0,1,0
9200369/webclient_DeliveryManager_pid_7779513_custom_att_2_simple_viewer,0,0,0,0,0,0,0,1,0,0,0,0
2059210/data_sounds_http___archive_org_download_gd2012_12_15_gd_2012_12_15t03_mp3,1,0,0,0,0,0,0,0,0,0,0,0
496/MIL0882059,0,0,0,0,0,0,0,0,1,0,0,0
2059210/data_sounds_http___archive_org_download_caitlinrose2013_04_08_zoomh2_flac16_cr2013_04_08t10_mp3,0,0,0,0,1,1,0,0,0,0,0,0
496/UBO1322043,1,0,0,0,0,0,0,0,0,0,0,0
9200369/webclient_DeliveryManager_pid_8365823_custom_att_2_simple_viewer,0,0,0,0,0,0,0,0,1,0,0,0
446/MIL0878399,0,0,0,0,0,0,0,0,0,1,0,0
9200369/webclient_DeliveryManager_pid_8413887_custom_att_2_simple_viewer,0,0,0,0,0,0,0,0,1,0,0,0
9200369/webclient_DeliveryManager_pid_8412049_custom_att_2_simple_viewer,0,0,0,0,0,0,0,0,0,1,0,0
9200369/webclient_DeliveryManager_pid_8363622_custom_att_2_simple_viewer,0,0,0,0,0,0,0,0,1,0,0,0
2059210/data_sounds_http___archive_org_download_jgreene2009_03_19_flac16_jackiegreene2009_03_19d2t01_mp3,0,0,0,0,1,1,0,0,0,0,0,0
2059210/data_sounds_http___archive_org_download_bobwalkenhorst2014_04_23_flac_bobwalkenhorst2014_04_23d2t14_mp3,1,1,0,0,0,0,0,0,0,0,0,0
446/MIL0872871,0,0,0,0,0,0,0,0,0,0,1,0
496/MIL0876328,0,0,0,1,1,0,0,0,0,0,0,0
496/LO11475593,0,0,0,0,1,1,0,0,0,0,0,0
9200369/webclient_DeliveryManager_pid_7652788_custom_att_2_simple_viewer,0,0,0,0,0,0,0,0,1,0,0,0
9200369/webclient_DeliveryManager_pid_8361880_custom_att_2_simple_viewer,0,0,0,0,0,0,0,1,0,0,0,0
9200369/webclient_DeliveryManager_pid_7645704_custom_att_2_simple_viewer,0,0,0,0,0,0,0,0,0,0,1,0
446/MIL0883151,0,0,0,0,0,0,0,0,1,0,0,0
2059210/data_sounds_http___archive_org_download_charlieparr2007_10_07_charlieparr2007_10_07mtx_d2t04_mp3,0,1,0,0,1,0,0,0,0,0,0,0
496/MIL0881967,1,1,0,0,0,1,0,0,0,0,0,0
496/MIL0868130,0,0,0,0,1,0,0,0,0,1,0,0
9200369/webclient_DeliveryManager_pid_8371923_custom_att_2_simple_viewer,0,0,0,0,0,0,0,1,0,0,0,0
446/MIL0881643,0,0,0,0,0,0,0,0,1,0,0,0
9200369/webclient_DeliveryManager_pid_7652416_custom_att_2_simple_viewer,0,0,0,0,0,0,0,0,1,0,0,0
9200369/webclient_DeliveryManager_pid_7872773_custom_att_2_simple_viewer,0,0,0,0,0,0,0,0,1,0,0,0
496/MOD0747589,0,0,0,0,1,1,0,0,0,1,0,0
2059210/data_sounds_http___archive_org_download_guster2006_06_23_flac16_guster2006_06_23t09_mp3,1,0,0,0,1,0,0,0,0,0,0,0
2059210/data_sounds_http___archive_org_download_jgreene2004_07_30_flac16_D1T09_mp3,1,1,0,0,1,0,1,0,0,0,0,0
446/TO10007411,0,0,1,0,1,0,0,0,0,1,0,0
496/UBO3876639,0,0,0,0,0,0,0,0,1,0,0,0
496/UBO3791877,0,0,0,0,0,0,0,1,0,0,0,0
496/LO11365098,0,0,0,0,0,0,0,0,0,1,0,0
9200369/webclient_DeliveryManager_pid_8404717_custom_att_2_simple_viewer,0,0,0,0,0,0,0,0,1,0,0,0
446/MIL0869097,0,0,1,0,1,1,0,0,0,0,0,0
446/TSA1363283,0,0,0,1,1,1,0,0,0,0,0,0
496/MIL0871402,0,0,1,0,1,0,0,0,0,1,0,0
496/LO11484587,0,0,0,0,0,1,0,0,0,0,0,0
496/MIL0881651,0,0,0,0,0,0,0,0,1,0,0,0
446/PAV0073138,0,0,0,0,0,0,0,0,1,0,0,0
496/RAV0701935,0,0,0,0,0,0,0,0,1,0,0,0
9200369/webclient_DeliveryManager_pid_8393602_custom_att_2_simple_viewer,0,0,0,0,0,0,0,1,0,0,0,0
496/UBO3800126,0,0,0,0,0,1,0,0,0,0,0,0
9200369/webclient_DeliveryManager_pid_7871365_custom_att_2_simple_viewer,0,0,0,0,0,0,0,0,1,0,0,0
496/MIL0865375,0,0,0,0,0,0,0,0,1,0,0,0
496/MIL0879490,0,0,0,0,0,0,0,0,1,0,0,0
446/MIL0879354,0,0,1,0,1,0,0,0,0,1,0,0
496/LO11337538,0,0,1,0,1,1,0,0,0,0,0,0
496/MIL0872050,0,0,0,0,0,0,0,0,1,0,0,0
9200369/webclient_DeliveryManager_pid_8400253_custom_att_2_simple_viewer,0,0,0,0,0,0,0,1,0,0,0,0
496/UBO2743346,1,0,0,0,0,0,0,0,0,0,0,0
496/MIL0870326,0,0,0,0,0,0,0,0,0,1,0,0
496/UBO3310873,0,0,0,0,0,0,0,0,0,0,0,1
496/MIL0865248,1,0,0,0,1,0,0,0,0,0,0,0
9200369/webclient_DeliveryManager_pid_8379293_custom_att_2_simple_viewer,0,0,0,0,0,0,0,0,1,0,0,0
446/BRI0436289,0,0,0,0,1,1,0,0,0,0,0,0
446/CAG1973506,0,0,1,0,1,0,0,0,0,1,0,0
496/MIL0873248,1,0,0,0,0,0,0,0,0,0,0,0
496/MIL0876441,0,0,0,0,0,0,0,0,1,0,0,0
2059210/data_sounds_http___archive_org_download_sk2007_11_30_flac16_sk2007_11_30d1t14_mp3,0,0,0,0,0,0,0,1,0,0,0,0
9200369/webclient_DeliveryManager_pid_7877305_custom_att_2_simple_viewer,0,0,0,0,0,0,0,1,0,0,0,0
496/MIL0872057,0,0,0,1,1,0,0,0,0,0,0,0
496/MIL0868652,0,0,0,0,1,0,0,0,0,1,0,0
496/LO11419188,1,0,0,0,0,0,0,0,0,0,0,0
446/LO11483926,0,0,0,0,0,0,0,1,0,0,0,0
496/URB0885219,0,0,0,0,0,0,0,0,1,0,0,0
9200369/webclient_DeliveryManager_pid_7650086_custom_att_2_simple_viewer,0,0,0,0,0,0,0,0,0,0,1,0
446/LO11340662,0,0,0,0,0,0,0,1,0,0,0,0
446/CFI0700351,0,0,0,0,0,0,0,1,0,0,0,0
2059210/data_sounds_http___archive_org_download_kw2008_07_19_shnf_kw2008_07_19d1t06_mp3,0,0,0,0,1,0,0,0,0,0,0,0
496/MIL0865451,0,0,0,0,0,0,0,0,0,0,0,1
446/MIL0883143,0,0,0,0,0,0,0,0,0,0,1,0
446/LO11369004,1,0,0,0,0,0,1,0,0,0,0,0
9200369/webclient_DeliveryManager_pid_8373480_custom_att_2_simple_viewer,0,0,0,0,0,0,0,1,0,0,0,0
496/LO11198598,1,0,0,1,0,0,0,0,0,0,0,0
496/MIL0865295,0,0,0,0,0,0,0,0,1,0,0,0
9200369/webclient_DeliveryManager_pid_8362777_custom_att_2_simple_viewer,0,0,0,0,0,0,0,1,0,0,0,1
446/RAV1918927,0,0,0,0,0,0,0,1,0,0,0,0
2059210/data_sounds_http___archive_org_download_emckeown2005_06_29_flac16_emckeown2005_06_29t08_mp3,0,0,0,0,1,0,0,0,0,0,0,0
446/LO11352793,0,0,0,0,1,0,0,0,0,0,0,0
496/LO11352697,1,0,1,0,1,1,0,0,0,0,0,0
2059210/data_sounds_http___archive_org_download_caitlinrose2013_04_08_zoomh2_flac16_cr2013_04_08t02_mp3,0,0,0,0,1,1,0,0,0,0,0,0
9200369/webclient_DeliveryManager_pid_7651709_custom_att_2_simple_viewer,0,0,0,0,0,0,0,0,1,0,0,0
496/MIL0877959,0,0,0,1,1,0,0,0,0,0,0,0
496/MIL0864254,0,0,0,0,0,0,0,0,0,1,1,0
496/VIA0212888,0,0,0,0,0,0,0,0,1,0,0,0
2059210/data_sounds_http___archive_org_download_bt2007_12_04_flac16_bt2007_12_04t15_mp3,0,0,0,0,1,1,1,0,0,0,0,0
2059210/data_sounds_http___archive_org_download_oprh2007_08_23_flac16_oprh2007_08_23t07_mp3,0,0,1,0,1,0,0,0,0,0,0,0
2059210/data_sounds_http___archive_org_download_hbr2007_01_19_sbd_flac16_hbr2007_01_19d1t02ImGoingUpOnTheMountain_mp3,0,1,0,0,0,0,1,0,0,0,0,0
446/LO11419695,0,0,1,0,1,1,0,0,0,0,0,0
2059210/data_sounds_http___archive_org_download_gus2003_03_27_c1000_shnf_guster2003_03_27d01t08_mp3,1,1,0,0,1,0,0,0,0,0,0,0
9200369/webclient_DeliveryManager_pid_9796872_custom_att_2_simple_viewer,0,0,0,0,0,0,0,0,1,0,0,0
9200369/webclient_DeliveryManager_pid_7881678_custom_att_2_simple_viewer,0,0,0,0,0,0,0,0,1,0,0,0
496/LO11360500,0,0,1,0,1,1,0,0,0,0,0,0
496/MIL0865469,0,0,0,0,0,0,0,0,1,0,0,0
446/MIL0867438,1,0,0,0,0,0,0,0,0,1,0,0
496/MIL0868197,1,0,0,0,1,0,0,0,0,0,0,1
2059210/data_sounds_http___archive_org_download_bva2014_07_27_live2cd_flac16_bva2014_07_27t15_mp3,1,0,0,0,0,0,1,0,0,0,0,0
496/UBO2627108,1,0,0,0,1,0,0,0,0,0,0,0
9200369/webclient_DeliveryManager_pid_8411795_custom_att_2_simple_viewer,0,0,0,0,0,0,0,0,1,0,0,0
2059210/data_sounds_http___archive_org_download_hday2001_02_05_shnf_hday2001_02_05_d1t09_mp3,1,0,0,0,0,0,0,0,0,0,0,0
9200369/webclient_DeliveryManager_pid_7777823_custom_att_2_simple_viewer,0,0,0,0,0,0,0,0,1,0,0,0
2059210/data_sounds_http___archive_org_download_kevnkinneyband2003_09_22_flac16_kevnkinneyband2003_09_22t05_mp3,0,0,0,0,0,1,0,0,0,0,0,0
2059210/data_sounds_http___archive_org_download_charlieparr2007_10_07_charlieparr2007_10_07mtx_d1t07_mp3,0,1,0,0,0,0,0,0,0,0,0,0
496/TO10002461,0,0,0,0,0,0,0,0,0,1,0,0
446/LO11354810,0,0,0,0,1,0,0,0,0,0,0,0
496/MIL0871718,0,0,0,1,0,0,0,0,0,0,1,0
496/MIL0876574,0,0,0,0,0,0,0,0,1,0,0,0
9200369/webclient_DeliveryManager_pid_7784309_custom_att_2_simple_viewer,0,0,0,0,0,0,0,0,1,0,0,0
2059210/data_sounds_http___archive_org_download_mnathanson2005_11_01_shnf_matt_nathanson_2005_11_01_d1t03_mp3,1,0,0,0,1,1,0,0,0,0,0,0
496/LO11198567,1,0,0,0,1,0,1,0,0,0,0,0
496/MIL0876914,0,0,0,0,1,0,0,0,0,0,0,0
496/MIL0872868,0,0,0,0,0,0,0,0,1,0,0,0
446/MIL0875998,0,0,0,0,0,0,0,1,0,0,1,0
496/MIL0867970,1,0,0,0,1,0,0,0,0,0,1,0
496/MIL0881535,0,0,0,0,0,0,0,0,1,0,0,0
496/MIL0875273,0,0,1,0,1,1,0,0,0,0,0,0
2059210/data_sounds_http___archive_org_download_DWatson2008_04_09_DWatson2008_04_09d1t07_mp3,0,1,0,0,1,0,0,0,0,0,0,0
9200369/webclient_DeliveryManager_pid_7787586_custom_att_2_simple_viewer,0,0,0,0,0,0,0,0,1,0,0,0
496/MIL0880311,0,0,1,0,1,1,0,0,0,0,0,0
9200369/webclient_DeliveryManager_pid_7378939_custom_att_2_simple_viewer,0,0,0,0,0,0,0,0,0,0,1,0
446/MIL0882218,1,0,0,0,0,0,0,0,0,0,0,0
9200369/webclient_DeliveryManager_pid_8396747_custom_att_2_simple_viewer,0,0,0,0,0,0,0,1,0,0,0,0
2059210/data_sounds_http___archive_org_download_guster2000_07_02_shnf_guster2000_07_02d1_shnf_gus2000_07_02d1t10_mp3,1,0,0,0,0,0,0,0,0,0,0,0
496/MIL0875831,0,0,0,1,0,0,0,0,0,0,0,0
496/MIL0873549,0,0,0,0,0,0,0,0,1,0,0,0
2059210/data_sounds_http___archive_org_download_mj2007_02_23_shnf_mj_2007_02_23t04_mp3,0,0,1,0,1,1,0,0,0,0,0,0
2059210/data_sounds_http___archive_org_download_BackyardTireFire2008_09_12_matrix_BackyardTireFire2008_09_12d1t10_mp3,0,0,1,0,1,1,0,0,0,0,0,0
9200369/webclient_DeliveryManager_pid_8365564_custom_att_2_simple_viewer,0,0,0,0,0,0,0,0,0,0,1,0
9200369/webclient_DeliveryManager_pid_9797446_custom_att_2_simple_viewer,0,0,0,0,0,0,0,0,1,0,0,0
2059210/data_sounds_http___archive_org_download_bobwalkenhorst2005_08_19_shnf_bobwalkenhorst2005_08_19d1t04_mp3,1,0,1,0,0,0,0,0,0,0,0,0
9200369/webclient_DeliveryManager_pid_7653511_custom_att_2_simple_viewer,0,0,0,0,0,0,0,0,0,0,1,0
496/MIL0867225,0,0,0,0,1,0,0,0,0,1,0,0
2059210/data_sounds_http___archive_org_download_bc2005_06_30_flac16_bc2005_06_30t16_mp3,0,0,0,0,0,1,0,0,0,0,0,0
446/LO11293975,1,0,0,0,0,0,0,0,0,0,0,0
2059210/data_sounds_http___archive_org_download_JBT2006_04_15_JBT2006_04_15D1T09_mp3,1,0,0,0,0,0,0,0,0,0,0,0
2059210/data_sounds_http___archive_org_download_charlieparr2007_10_07_charlieparr2007_10_07mtx_d2t15_mp3,0,1,0,0,0,0,0,0,0,0,0,0
9200369/webclient_DeliveryManager_pid_7788115_custom_att_2_simple_viewer,0,0,0,0,0,0,0,0,1,0,0,0
9200369/webclient_DeliveryManager_pid_8381010_custom_att_2_simple_viewer,0,0,0,0,0,0,0,1,0,0,0,0
496/MIL0872743,0,0,0,1,1,0,0,1,0,0,0,1
2059210/data_sounds_http___archive_org_download_bhsurfers2002_07_20_fob_flacf_buttholesurfers2002_07_20d1t08_mp3,0,0,1,0,1,1,0,0,0,0,0,0
2059210/data_sounds_http___archive_org_download_KW1998_03_18SBD_FLAC_KW1998_03_18T05_mp3,1,0,0,0,0,0,0,0,0,0,0,0
2059210/data_sounds_http___archive_org_download_hday2001_02_05_shnf_hday2001_02_05_d2t06_mp3,1,0,0,0,0,0,0,0,0,0,0,0
446/MIL0877013,0,0,0,0,0,0,0,0,0,1,0,0
446/UBO3819496,0,0,0,0,0,0,0,1,0,0,0,0
9200369/webclient_DeliveryManager_pid_9797636_custom_att_2_simple_viewer,0,0,0,0,0,0,0,0,0,0,1,0
446/LO11352737,0,0,0,0,1,0,0,0,0,1,0,0
496/UBO3832470,0,0,1,1,0,0,0,1,0,0,0,1
496/LO11269228,1,0,0,0,1,1,0,0,0,0,0,0
2059210/data_sounds_http___archive_org_download_BackyardTireFire2008_09_12_matrix_BackyardTireFire2008_09_12d1t08_mp3,0,0,0,0,1,1,0,0,0,0,0,0
446/LO11328895,0,0,0,0,1,0,0,0,0,0,0,0
496/MIL0881925,0,0,0,0,0,1,0,0,0,1,0,0
2059210/data_sounds_http___archive_org_download_mnathanson2008_10_03_studioprojectsc4_mnathanson2008_10_03d2t01_mp3,1,0,0,0,0,0,1,0,0,0,0,0
496/MIL0863997,0,0,0,0,1,1,0,0,0,0,0,0
496/RAV1939692,0,0,1,0,1,1,0,0,0,1,0,0
2059210/data_sounds_http___archive_org_download_bc2012_09_13_aud_flac16_bc20120913t07_mp3,1,0,0,0,0,0,0,0,0,0,0,0
446/MOD1598263,0,0,0,0,1,1,0,0,0,0,0,0
496/MIL0869122,0,0,0,0,0,0,0,0,1,0,0,0
2059210/data_sounds_http___archive_org_download_hd2004_04_30_flac16_hd_2004_04_30_d1t09_mp3,0,1,0,0,1,0,0,0,0,0,0,0
2059210/data_sounds_http___archive_org_download_jakeshimabukuro2008_06_15_r09_jakeshimabukuro2008_06_15t02_mp3,0,1,0,0,0,0,0,0,0,0,0,0
496/RAV1999539,0,0,0,0,0,0,0,0,1,0,0,0
9200369/webclient_DeliveryManager_pid_8371775_custom_att_2_simple_viewer,0,0,0,0,0,0,0,0,1,0,0,0
2059210/data_sounds_http___archive_org_download_abird2003_05_17_flacf_abird2003_05_17t04_mp3,1,1,0,0,0,0,0,0,0,0,1,0
2059210/data_sounds_http___archive_org_download_gds2009_05_08__flac16_gds2009_05_08t26_mp3,0,0,1,0,1,1,0,0,0,0,0,0
2059210/data_sounds_http___archive_org_download_hbr2007_01_19_sbd_flac16_hbr2007_01_19d1t06ButchPeggy_mp3,0,1,0,0,0,0,1,0,0,0,0,0
446/MIL0881748,1,0,1,0,1,1,0,0,0,1,0,0
496/TO01727994,0,0,0,0,0,0,0,1,0,0,1,0
446/LO11340218,0,0,1,0,1,1,0,0,0,0,0,0
496/MIL0863767,0,0,0,0,1,1,0,0,0,0,0,0
2059210/data_sounds_http___archive_org_download_bw2013_08_18_schoepsmk41_flac16_bw2013_08_18t04_mp3,1,0,0,0,0,0,0,0,0,0,0,0
496/LO11346839,0,0,0,0,1,1,0,0,0,1,0,0
496/LO11410256,0,0,0,0,1,0,0,0,0,0,0,0
496/MIL0875154,1,0,0,0,0,0,0,0,0,0,1,0
2059210/data_sounds_http___archive_org_download_mickthomas2010_01_01_zoomh2_flac16_mickthomas2010_01_01t03_mp3,0,0,0,0,0,0,0,1,0,0,0,0
446/MIL0865179,0,0,0,0,0,0,0,0,1,0,0,0
9200369/webclient_DeliveryManager_pid_8397653_custom_att_2_simple_viewer,0,0,0,0,0,0,0,0,0,0,1,0
2059210/data_sounds_http___archive_org_download_ae2007_05_17_sbd_flac16_ae2007_05_1702_mp3,1,0,0,0,0,0,0,0,0,0,0,0
446/RAV1885876,0,0,1,0,1,1,0,0,0,0,0,0
2059210/data_sounds_http___archive_org_download_bobwalkenhorst2014_11_05_flac_bobwalkenhorst2014_11_05d1t07_mp3,1,0,0,0,0,0,1,0,0,0,0,0
496/MIL0875995,0,0,0,0,1,1,0,0,0,1,0,0
2059210/data_sounds_http___archive_org_download_hd2004_04_30_flac16_hd_2004_04_30_d1t13_mp3,0,1,0,0,1,0,0,0,0,0,0,0
2059210/data_sounds_http___archive_org_download_ae1999_09_05_ae1999_09_05d1t06_mp3,0,0,1,0,1,1,0,0,0,0,0,0
446/MIL0859544,0,0,0,0,1,0,0,0,0,0,0,0
496/UBO3950811,0,0,0,0,0,0,0,0,0,1,0,1
496/MIL0881674,0,0,0,0,1,0,0,0,0,0,0,0
496/MIL0877742,0,0,0,0,0,0,0,0,0,0,1,0
496/MIL0872489,1,0,0,0,0,0,0,0,0,0,0,0
496/MIL0882034,0,0,0,0,0,0,0,0,0,0,1,0
496/MIL0873252,0,0,1,0,1,1,0,0,0,0,0,0
2059210/data_sounds_http___archive_org_download_gds2009_05_08__flac16_gds2009_05_08t04_mp3,0,0,0,0,1,1,0,0,0,0,0,0
446/LO11331898,0,0,0,0,0,0,0,0,1,0,0,0
9200369/webclient_DeliveryManager_pid_8392672_custom_att_2_simple_viewer,0,0,0,0,0,0,0,0,0,0,1,0
496/UBO3556723,0,0,0,0,0,0,0,0,0,0,1,0
496/MIL0868194,0,0,1,0,1,1,1,0,0,0,0,0
9200369/webclient_DeliveryManager_pid_8377358_custom_att_2_simple_viewer,0,0,0,0,0,0,0,0,1,0,0,0
496/MOD1575994,0,0,0,0,1,1,0,0,0,0,0,0
446/MIL0865430,0,0,0,0,0,0,0,0,1,0,0,0
2059210/data_sounds_http___archive_org_download_gus1997_10_04_shnf_gus1997_10_04d1_gus1997_10_04d1t03_mp3,0,0,0,0,1,1,0,0,0,0,0,0
496/TSA1361659,0,0,0,0,0,0,0,0,1,0,0,0
496/LO11418605,0,0,0,0,0,0,0,0,1,0,0,0
496/MIL0875996,0,0,0,0,0,0,0,1,0,0,0,0
2059210/data_sounds_http___archive_org_download_hday2001_02_05_shnf_hday2001_02_05_d2t04_mp3,1,0,0,0,0,0,0,0,0,0,0,0
496/MIL0867832,1,0,1,0,0,0,0,0,0,1,0,0
2059210/data_sounds_http___archive_org_download_DWatson2008_04_09_DWatson2008_04_09d1t02_mp3,1,0,0,0,1,0,0,0,0,0,0,0
2059210/data_sounds_http___archive_org_download_emckeown2005_06_29_flac16_emckeown2005_06_29t02_mp3,0,0,1,0,1,1,0,0,0,0,0,0
496/UFE0971067,0,0,1,0,1,0,0,0,0,0,0,1
446/MIL0870216,0,0,0,1,1,0,0,0,0,0,1,0
446/LO11331629,0,0,0,0,1,0,0,0,0,1,0,0
2059210/data_sounds_http___archive_org_download_bt2005_06_29_flac16_bt2005_06_29d1t08_mp3,0,0,0,0,1,1,0,0,0,0,0,0
2059210/data_sounds_http___archive_org_download_mn2003_04_23_shnf_mn2003_04_23d1t13_mp3,1,0,0,0,0,0,0,0,0,0,0,0
2059218/data_sounds_IT_DDS0000091969000000,0,0,0,0,0,0,0,0,0,0,0,0
9200369/webclient_DeliveryManager_pid_7787736_custom_att_2_simple_viewer,0,0,0,0,0,0,0,0,1,0,0,0
9200369/webclient_DeliveryManager_pid_8364783_custom_att_2_simple_viewer,0,0,0,0,0,0,0,0,1,0,0,0
496/MIL0872877,0,0,0,0,1,0,0,0,0,0,1,0
2059210/data_sounds_http___archive_org_download_hbr2007_01_19_sbd_flac16_hbr2007_01_19d1t03GunsOrButter_mp3,1,1,0,0,0,0,0,0,0,0,1,0
446/MIL0873282,0,0,0,0,1,0,0,0,0,1,0,0
496/MIL0867337,0,0,1,1,1,0,0,1,0,0,0,0
9200369/webclient_DeliveryManager_pid_7874906_custom_att_2_simple_viewer,0,0,0,1,0,0,0,0,0,0,0,0
496/LO11474186,0,0,0,0,0,0,0,0,1,0,0,0
496/UBO3995706,1,0,0,0,1,0,0,1,0,0,0,0
446/MIL0876480,0,0,0,0,0,0,0,0,1,0,0,0
496/CAG1777033,0,0,0,0,1,1,0,1,0,0,0,0
496/MIL0872745,0,0,0,0,1,0,0,0,0,1,0,0
446/LO11465559,0,0,0,0,1,0,0,0,0,0,0,0
2059210/data_sounds_http___archive_org_download_midnites1982_11_27_sbd_streeter_miller_113053_flac16_BobbyAndTheMidnites1982_11_27d1t03_mp3,0,0,1,0,1,1,0,1,0,0,0,0
9200369/webclient_DeliveryManager_pid_7874304_custom_att_2_simple_viewer,0,0,0,0,0,0,0,0,1,0,0,0
2059210/data_sounds_http___archive_org_download_CVB1986_10_17_aud_CVB1986_10_17_aud_t04_mp3,0,0,0,0,1,0,0,0,0,0,1,0
496/MIL0872451,0,0,0,0,0,0,0,0,1,0,0,0
496/MIL0871144,0,0,0,0,0,0,0,0,1,0,0,0
496/MIL0882270,0,0,0,0,0,0,0,0,0,0,1,0
9200369/webclient_DeliveryManager_pid_7882453_custom_att_2_simple_viewer,0,0,0,0,0,0,0,0,1,0,0,0
2059210/data_sounds_http___archive_org_download_ae2007_05_17_sbd_flac16_ae2007_05_1712_mp3,1,0,0,0,0,0,0,0,0,0,0,0
9200369/webclient_DeliveryManager_pid_8366716_custom_att_2_simple_viewer,0,0,0,0,0,0,0,0,1,0,0,0
446/RAV1929834,0,0,0,0,1,0,0,1,0,0,0,0
2059210/data_sounds_http___archive_org_download_skellogg2005_02_19_sr71_sk62005_02_19d1t12_mp3,0,0,1,0,1,1,0,0,0,0,0,0
496/MIL0877495,0,0,0,0,0,0,0,0,0,0,1,0
446/LO11181363,0,0,0,0,0,0,0,0,0,0,1,0
2059210/data_sounds_http___archive_org_download_DWatson2008_04_09_DWatson2008_04_09d1t09_mp3,0,0,0,0,1,0,0,0,0,0,0,0
2059210/data_sounds_http___archive_org_download_mickthomas2010_01_01_zoomh2_flac16_mickthomas2010_01_01t04_mp3,0,0,0,0,1,1,0,0,0,0,0,0
496/MIL0882026,0,0,0,0,1,0,0,0,0,0,0,1
2059210/data_sounds_http___archive_org_download_gdegraw2004_05_30_shnf_gdegraw2004_05_30t03_mp3,0,0,0,0,1,1,0,1,0,0,0,0
9200369/webclient_DeliveryManager_pid_8411119_custom_att_2_simple_viewer,0,0,0,0,0,0,0,0,1,0,0,0
496/TO01791097,0,0,0,0,1,0,0,0,0,1,0,0
496/MIL0872060,0,0,0,0,0,0,0,0,1,0,0,0
446/MIL0877060,0,0,0,0,0,0,0,0,1,0,0,0
496/MIL0871722,0,0,0,0,0,0,0,0,1,0,0,0
496/MIL0871819,0,0,0,0,0,0,0,0,0,0,1,0
496/MIL0875796,0,0,0,0,0,0,0,0,0,0,1,1
9200369/webclient_DeliveryManager_pid_7790334_custom_att_2_simple_viewer,0,0,0,0,0,0,0,0,1,0,0,0
9200369/webclient_DeliveryManager_pid_7648986_custom_att_2_simple_viewer,0,0,0,0,0,0,0,1,0,0,0,0
9200369/webclient_DeliveryManager_pid_8394181_custom_att_2_simple_viewer,0,0,0,0,0,0,0,0,1,0,0,0
446/UBO3694816,1,0,0,0,0,0,0,0,0,0,0,0
2059210/data_sounds_http___archive_org_download_mbt2011_06_24_mk4_taraszki_flac24_mbt2011_06_24t_15_mp3,0,0,0,0,1,0,0,1,0,0,0,0
2059210/data_sounds_http___archive_org_download_guster2011_11_25_km201_flac24_guster2011_11_25t04_mp3,1,0,0,0,1,0,0,0,0,0,0,0
496/MIL0871928,0,0,0,0,1,1,0,0,0,0,0,0
496/MIL0870750,1,0,0,0,0,0,0,0,0,0,0,0
496/MIL0881275,0,0,0,0,0,0,0,0,1,0,0,0
496/MIL0865319,0,0,1,0,1,1,0,0,0,0,0,0
446/LO11237286,0,0,0,0,0,0,0,1,0,0,0,0
496/LO11346873,0,0,0,0,1,0,0,0,0,1,0,0
446/VIA0212831,0,0,0,0,0,0,0,0,1,0,0,0
2059210/data_sounds_http___archive_org_download_bc2005_06_30_flac16_bc2005_06_30t14_mp3,0,0,1,0,1,1,0,0,0,0,0,0
496/MIL0876439,0,0,0,0,0,0,0,0,1,0,0,0
496/REA0284678,0,0,0,0,0,0,0,0,1,0,0,0
496/RAV1939687,0,0,0,0,1,0,0,0,0,1,0,0
446/PAR1198638,0,0,0,0,0,0,0,1,0,0,0,0
496/LO11367666,0,0,0,0,0,0,0,0,1,0,0,0
2059210/data_sounds_http___archive_org_download_mickthomas2010_01_01_zoomh2_flac16_mickthomas2010_01_01t06_mp3,0,0,0,0,1,1,0,0,0,0,0,0
2059210/data_sounds_http___archive_org_download_bhsurfers2002_07_20_fob_flacf_buttholesurfers2002_07_20d1t15_mp3,0,0,1,0,1,1,0,0,0,0,0,0
2059210/data_sounds_http___archive_org_download_mj2007_02_23_shnf_mj_2007_02_23t03_mp3,1,0,1,0,1,0,0,0,0,0,0,0
446/MIL0876489,0,0,0,0,0,0,0,0,1,0,0,0
446/LO11361405,0,0,0,0,1,1,0,0,0,1,0,0
9200369/webclient_DeliveryManager_pid_7648199_custom_att_2_simple_viewer,0,0,0,0,0,0,0,0,1,0,0,0
9200369/webclient_DeliveryManager_pid_8368646_custom_att_2_simple_viewer,0,0,0,0,0,0,0,0,1,0,0,0
496/MIL0871300,0,0,0,0,0,0,0,1,0,0,0,0
9200369/webclient_DeliveryManager_pid_7789233_custom_att_2_simple_viewer,0,0,0,0,0,0,0,0,1,0,0,0
2059210/data_sounds_http___archive_org_download_charlieparr2007_10_07_charlieparr2007_10_07mtx_d2t12_mp3,0,1,0,0,1,0,0,0,0,0,0,0
9200369/webclient_DeliveryManager_pid_7649111_custom_att_2_simple_viewer,0,0,0,0,0,0,0,0,1,0,0,0
446/MIL0865492,1,0,0,0,0,0,0,0,0,0,0,0
2059210/data_sounds_http___archive_org_download_gp2013_04_27_aud_flac16_gp2013_04_27t12_mp3,1,0,0,0,0,0,0,0,0,0,0,0
496/MIL0863764,0,0,0,0,1,0,0,0,0,1,0,0
9200369/webclient_DeliveryManager_pid_8367012_custom_att_2_simple_viewer,0,0,0,0,0,0,0,0,1,0,0,0
496/MIL0881973,1,0,0,0,0,0,0,0,0,0,0,0
496/MIL0863766,0,0,0,0,1,1,0,0,0,1,0,0
446/MIL0876376,0,0,0,0,0,0,0,0,1,0,0,0
2059210/data_sounds_http___archive_org_download_ae1999_09_05_ae1999_09_05d2t03_mp3,0,0,1,0,1,1,0,0,0,0,0,0
9200369/webclient_DeliveryManager_pid_8403379_custom_att_2_simple_viewer,0,0,0,0,0,0,0,1,0,0,0,0
2059210/data_sounds_http___archive_org_download_BackyardTireFire2008_09_12_matrix_BackyardTireFire2008_09_12d2t15_mp3,0,0,1,0,1,0,0,1,0,0,0,0
496/MIL0867767,0,0,0,0,0,0,0,1,0,0,0,0
9200369/webclient_DeliveryManager_pid_8377804_custom_att_2_simple_viewer,0,0,0,0,0,0,0,0,1,0,0,0
2059210/data_sounds_http___archive_org_download_wz1995_07_29_aud_DSM_6p_arf_flac16_d01t05_mp3,0,0,1,0,1,1,0,1,0,0,0,0
496/LO11419218,0,0,0,0,0,0,0,0,1,0,0,0
2059210/data_sounds_http___archive_org_download_JG2011_04_08_JackieGreene2011_04_08_D1T10_Mexican_Girl_mp3,1,0,0,0,0,1,0,0,0,0,0,0
446/MIL0865356,0,0,0,0,1,1,0,0,0,0,0,0
2059210/data_sounds_http___archive_org_download_skellogg2005_02_19_sr71_sk62005_02_19d1t03_mp3,0,0,0,0,1,0,0,0,0,0,0,0
446/MIL0881556,0,0,0,0,0,0,0,0,1,0,0,0
496/MIL0863648,0,0,0,0,1,0,0,0,0,1,0,0
446/LO11230490,0,0,0,0,1,0,0,1,0,0,0,0
496/MIL0865314,0,0,0,0,1,0,0,0,0,1,0,0
2059210/data_sounds_http___archive_org_download_bc2005_06_30_flac16_bc2005_06_30t03_mp3,0,0,0,0,0,1,0,0,0,0,0,0
446/LO11344208,0,0,0,1,0,0,0,1,0,1,0,0
2059210/data_sounds_http___archive_org_download_mn2003_04_23_shnf_mn2003_04_23d1t11_mp3,1,0,0,0,0,0,0,0,0,0,0,0
446/LO11357138,0,0,1,0,1,0,0,0,0,0,0,1
9200369/webclient_DeliveryManager_pid_8379282_custom_att_2_simple_viewer,0,0,0,0,0,0,0,0,1,0,0,0
9200369/webclient_DeliveryManager_pid_8383346_custom_att_2_simple_viewer,0,0,0,0,0,0,0,0,1,0,0,0
496/UBO3819207,1,0,1,0,1,0,0,0,0,0,0,0
9200369/webclient_DeliveryManager_pid_8402187_custom_att_2_simple_viewer,0,0,0,0,0,0,0,0,1,0,0,0
496/MIL0874606,0,0,0,0,0,0,0,0,0,0,1,0
496/MIL0878397,0,0,0,0,0,0,0,0,0,0,0,0
9200369/webclient_DeliveryManager_pid_8402887_custom_att_2_simple_viewer,0,0,0,0,0,0,0,0,1,0,0,0
496/MIL0865464,0,0,0,0,0,0,0,0,1,0,0,0
9200369/webclient_DeliveryManager_pid_8367308_custom_att_2_simple_viewer,0,0,0,0,0,0,0,0,0,0,1,0
2059210/data_sounds_http___archive_org_download_bushwalla2013_10_12_show2_flac16_bushwalla2013_10_12d02t17_mp3,1,0,0,0,0,0,0,0,0,0,0,0
9200369/webclient_DeliveryManager_pid_8374352_custom_att_2_simple_viewer,0,0,0,0,0,0,0,0,1,0,0,0
9200369/webclient_DeliveryManager_pid_8394887_custom_att_2_simple_viewer,0,0,0,0,0,0,0,1,0,0,0,0
2059210/data_sounds_http___archive_org_download_hd2004_04_30_flac16_hd_2004_04_30_d1t07_mp3,1,1,0,0,1,0,0,0,0,0,0,0
9200369/webclient_DeliveryManager_pid_7877012_custom_att_2_simple_viewer,0,0,0,0,0,0,0,1,0,0,0,0
446/LO11105325,0,0,0,0,1,0,0,0,0,1,0,0
9200369/webclient_DeliveryManager_pid_8403601_custom_att_2_simple_viewer,0,0,0,0,0,0,0,1,0,0,0,0
496/UBO3321450,1,0,0,0,0,0,0,0,0,0,0,0
496/MIL0869135,1,0,0,0,0,0,0,0,0,0,0,0
496/MIL0877607,0,0,0,0,0,0,0,0,1,0,0,0
496/LO11322451,0,0,1,0,1,1,0,0,0,1,0,0
9200369/webclient_DeliveryManager_pid_7876155_custom_att_2_simple_viewer,0,0,0,0,0,0,0,0,1,0,0,0
496/UBO3998918,0,0,0,1,0,0,0,1,0,0,0,0
9200369/webclient_DeliveryManager_pid_7644796_custom_att_2_simple_viewer,0,0,0,0,0,0,0,0,1,0,0,0
9200369/webclient_DeliveryManager_pid_7646775_custom_att_2_simple_viewer,0,0,0,0,0,0,0,0,0,0,1,0
446/MIL0865459,0,0,0,0,0,0,0,0,1,0,0,0
496/MIL0879540,0,0,0,1,1,0,0,0,0,0,0,1
446/RAV1939685,0,0,0,0,1,0,0,0,0,1,0,0
2059210/data_sounds_http___archive_org_download_jgreene2004_07_30_flac16_D1T05_mp3,0,0,0,0,1,1,0,0,0,0,0,0
2059210/data_sounds_http___archive_org_download_mickthomas2010_01_01_zoomh2_flac16_mickthomas2010_01_01t19_mp3,1,0,0,0,1,0,0,0,0,0,0,0
2059210/data_sounds_http___archive_org_download_caitlinrose2013_04_08_zoomh2_flac16_cr2013_04_08t17_mp3,0,0,0,0,1,0,0,0,0,0,0,0
496/MIL0875841,0,0,0,0,0,0,0,0,1,0,0,0
446/MIL0868361,0,0,1,0,1,1,0,0,0,0,0,0
446/MIL0864103,1,0,0,0,0,0,0,0,0,0,0,0
2059210/data_sounds_http___archive_org_download_abird2003_05_17_flacf_abird2003_05_17t07_mp3,0,1,0,0,0,0,0,0,0,0,0,0
2059210/data_sounds_http___archive_org_download_kw1999_08_07_shnf_keller1999_08_07t03_mp3,1,0,0,0,0,0,0,0,0,0,0,0
2059210/data_sounds_http___archive_org_download_jbt2011_09_02_CA_11cardioid24bit_jbt2011_09_02cardioidt08_mp3,1,0,1,0,1,1,0,0,0,0,0,0
496/MIL0865567,0,0,1,0,1,1,0,0,0,0,0,0
496/MIL0866613,0,0,0,0,0,0,0,0,1,0,0,0
446/TSA1380773,0,0,0,0,0,0,0,0,1,0,0,0
496/MIL0876458,0,0,0,0,0,0,0,0,1,0,0,0
9200369/webclient_DeliveryManager_pid_7782584_custom_att_2_simple_viewer,0,0,0,0,0,0,0,1,0,0,0,0
2059210/data_sounds_http___archive_org_download_SKellogg2006_03_01_shn_SKellogg2006_03_01_09_mp3,0,0,0,0,1,1,0,0,0,0,0,0
2059210/data_sounds_http___archive_org_download_JBT2006_04_15_JBT2006_04_15D2T03_mp3,0,0,0,0,1,0,0,0,0,0,0,0
9200369/webclient_DeliveryManager_pid_8365591_custom_att_2_simple_viewer,0,0,0,0,0,0,0,0,1,0,0,0
496/MIL0869465,0,0,1,0,1,0,0,0,0,0,0,0
2059210/data_sounds_http___archive_org_download_mickthomas2010_01_01_zoomh2_flac16_mickthomas2010_01_01t12_mp3,1,0,0,0,1,0,0,0,0,0,0,0
496/CFI0700408,0,0,0,0,0,0,0,1,0,0,0,0
2059210/data_sounds_http___archive_org_download_gds2009_05_08__flac16_gds2009_05_08t30_mp3,1,1,0,0,0,0,0,0,0,0,0,0
496/MIL0881266,1,0,0,0,0,1,0,0,0,0,0,0
496/LO11205185,1,0,0,0,0,0,0,0,0,0,0,0
9200369/webclient_DeliveryManager_pid_8376084_custom_att_2_simple_viewer,0,0,0,0,0,0,0,0,1,0,0,0
496/RAV1928965,1,0,0,0,1,1,0,0,0,0,0,0
2059210/data_sounds_http___archive_org_download_jgreene2004_07_30_flac16_D1T03_mp3,1,0,0,0,1,0,1,0,0,0,0,0
9200369/webclient_DeliveryManager_pid_7645012_custom_att_2_simple_viewer,0,0,0,0,0,0,0,0,0,0,1,0
2059210/data_sounds_http___archive_org_download_CVB2007_09_19_cvb2007_09_19t02_mp3,0,0,1,0,1,1,0,0,0,0,0,0
2059210/data_sounds_http___archive_org_download_jakeshimabukuro2008_06_15_r09_jakeshimabukuro2008_06_15t17_mp3,1,1,0,0,0,0,0,0,0,0,0,0
446/LO11448932,1,0,1,0,1,0,0,0,0,0,0,0
2059210/data_sounds_http___archive_org_download_JG2011_04_08_JackieGreene2011_04_08_D2T09_Ball_And_Chain_mp3,1,0,0,0,0,1,0,0,0,0,0,0
496/MIL0870128,0,0,0,0,0,0,0,0,1,0,0,0
496/MIL0881653,0,0,0,0,0,0,0,0,1,0,0,0
2059210/data_sounds_http___archive_org_download_bc2012_09_13_aud_flac16_bc20120913t03_mp3,1,0,0,0,0,0,0,0,0,0,0,0
446/LO11318100,0,0,0,0,1,0,0,0,0,1,0,0
496/MIL0880209,0,0,0,0,0,0,0,0,1,0,0,0
496/MIL0876317,0,0,0,0,1,1,0,0,0,1,0,0
496/MIL0868345,0,0,0,0,0,0,0,1,0,0,0,0
496/MIL0877422,0,0,0,0,0,0,0,0,0,0,0,1
446/MIL0875800,0,0,0,0,0,0,0,0,0,1,0,0
446/MIL0863768,0,0,0,0,1,0,0,1,0,0,0,0
496/LO11372645,0,0,1,0,1,1,0,0,0,0,0,0
446/LO11360898,0,0,1,0,1,1,0,0,0,0,0,0
496/MIL0870010,0,0,0,1,1,0,0,0,0,0,0,0
496/MOD1558281,0,0,0,0,0,0,0,1,0,0,0,0
496/MIL0875404,0,0,0,0,0,0,0,0,1,0,0,0
9200369/webclient_DeliveryManager_pid_7883075_custom_att_2_simple_viewer,0,0,0,0,0,0,0,0,1,0,0,0
9200369/webclient_DeliveryManager_pid_7654692_custom_att_2_simple_viewer,0,0,0,0,0,0,0,0,1,0,0,0
9200369/webclient_DeliveryManager_pid_8392126_custom_att_2_simple_viewer,0,0,0,0,0,0,0,0,0,0,0,0
496/MIL0872832,0,0,0,0,0,0,0,0,1,0,0,0
2059210/data_sounds_http___archive_org_download_marcobenevento2014_09_16_tlm170_flac16_marcobenevento2014_09_16t06_mp3,0,0,0,0,1,1,0,0,0,0,0,0
9200369/webclient_DeliveryManager_pid_8399037_custom_att_2_simple_viewer,0,0,0,0,0,0,0,1,0,0,0,0
496/MIL0875802,0,0,0,0,0,0,0,0,1,0,0,0
496/MIL0865379,1,0,0,0,0,0,0,1,0,0,0,0
496/LO11332121,0,0,0,0,1,1,0,0,0,1,0,0
496/LO11488247,0,0,1,0,1,1,0,0,0,1,0,0
496/CAG1922874,1,0,0,0,0,0,0,0,0,0,0,0
496/LO11368298,0,0,0,0,0,0,0,0,1,0,0,0
2059210/data_sounds_http___archive_org_download_jakeshimabukuro2008_06_15_r09_jakeshimabukuro2008_06_15t09_mp3,1,0,0,0,0,0,0,0,0,0,0,0
496/MOD1560413,0,0,1,0,1,1,0,0,0,0,0,0
496/MIL0878053,1,0,0,0,0,0,0,0,0,0,0,0
9200369/webclient_DeliveryManager_pid_8366065_custom_att_2_simple_viewer,0,0,0,1,0,0,0,0,0,0,0,0
9200369/webclient_DeliveryManager_pid_8412212_custom_att_2_simple_viewer,0,0,0,0,0,0,0,0,0,0,1,0
446/UBO4002963,0,0,0,0,1,1,0,0,0,0,0,0
496/MIL0873547,0,0,0,0,0,0,0,0,1,0,0,0
9200369/webclient_DeliveryManager_pid_7872742_custom_att_2_simple_viewer,0,0,0,0,0,0,0,1,0,0,0,1
496/TO00976704,1,0,0,0,0,0,0,0,0,0,0,0
496/MIL0872825,0,0,0,0,0,0,0,1,0,0,0,0
446/MIL0867439,0,0,1,0,1,1,0,0,0,0,0,0
9200369/webclient_DeliveryManager_pid_8365294_custom_att_2_simple_viewer,0,0,0,0,0,0,0,1,0,0,0,0
496/MIL0868331,0,0,0,0,1,0,0,0,0,1,0,0
496/MOD1606767,0,0,0,0,0,0,0,1,0,0,0,0
496/BRI0436291,0,0,1,0,1,1,0,0,0,0,0,0
496/MIL0876334,0,0,0,0,0,0,0,0,1,0,0,0
2059210/data_sounds_http___archive_org_download_bhs1996_10_19_flac16_bhs1996_10_19d1t04_mp3,0,0,1,0,1,1,0,0,0,0,0,0
496/LO11362711,0,0,1,0,1,0,0,0,0,0,0,0
2059210/data_sounds_http___archive_org_download_oprh2007_08_23_flac16_oprh2007_08_23t02_mp3,0,0,1,0,1,1,0,0,0,0,0,0
2059210/data_sounds_http___archive_org_download_HBR2008_04_18_NeumannKM150_HotButteredRum2008_04_18_NeumannKM150_t03_mp3,1,1,1,0,0,0,0,0,0,0,0,0
496/LO11349381,0,0,0,0,0,0,0,0,1,0,0,0
446/MIL0882867,0,0,0,1,0,0,0,0,0,0,0,0
9200369/webclient_DeliveryManager_pid_8397581_custom_att_2_simple_viewer,0,0,0,0,0,0,0,0,1,0,0,0
2059210/data_sounds_http___archive_org_download_midnites1982_11_27_sbd_streeter_miller_113053_flac16_BobbyAndTheMidnites1982_11_27d1t07_mp3,0,0,0,0,1,1,0,0,0,0,0,0
9200369/webclient_DeliveryManager_pid_8408638_custom_att_2_simple_viewer,0,0,0,0,0,0,0,0,1,0,0,0
496/LO11340312,0,0,0,0,0,0,0,1,0,0,0,0
2059210/data_sounds_http___archive_org_download_kevnkinneyband2003_09_22_flac16_kevnkinneyband2003_09_22t10_mp3,0,0,1,0,1,1,0,0,0,0,0,0
2059210/data_sounds_http___archive_org_download_gdegraw2004_05_30_shnf_gdegraw2004_05_30t09_mp3,0,0,1,0,1,1,0,1,0,0,0,0
2059218/data_sounds_IT_DDS0000049260000000,0,0,0,0,0,0,0,0,0,0,0,0
9200369/webclient_DeliveryManager_pid_8380688_custom_att_2_simple_viewer,0,0,0,0,0,0,0,1,0,0,0,0
2059210/data_sounds_http___archive_org_download_kevnkinneyband2003_09_22_flac16_kevnkinneyband2003_09_22t09_mp3,0,0,1,0,1,1,0,0,0,0,0,0
2059210/data_sounds_http___archive_org_download_guster2011_04_08_ccm41_flac16_guster2011_04_08t02_mp3,0,0,1,0,1,0,0,1,0,0,0,0
496/MIL0864406,0,0,0,0,1,0,0,0,0,1,0,0
446/MIL0882025,0,0,0,0,0,0,0,0,0,0,1,0
9200369/webclient_DeliveryManager_pid_8396763_custom_att_2_simple_viewer,0,0,0,0,0,0,0,0,0,0,1,0
2059210/data_sounds_http___archive_org_download_hday2001_02_05_shnf_hday2001_02_05_d2t03_mp3,1,0,0,0,0,0,0,0,0,0,0,0
496/MIL0881925,0,0,0,0,0,1,0,0,0,1,0,0
446/UBO3950831,0,0,0,0,0,0,0,0,1,0,0,0
9200369/webclient_DeliveryManager_pid_8372365_custom_att_2_simple_viewer,0,0,0,0,0,0,0,0,0,0,1,0
2059210/data_sounds_http___archive_org_download_abird2003_05_17_flacf_abird2003_05_17t10_mp3,1,0,0,0,0,0,0,0,0,0,0,0
2059210/data_sounds_http___archive_org_download_skellogg2005_02_19_sr71_sk62005_02_19d1t13_mp3,1,0,0,0,1,1,0,0,0,0,0,0
496/RAV1879798,0,0,0,0,1,0,0,0,0,1,0,0
496/LO11378364,0,0,1,0,1,1,0,0,0,0,0,0
496/VIA0212858,0,0,0,0,0,0,0,0,1,0,0,0
446/LO11409967,0,0,0,0,0,0,0,0,1,0,0,0
446/MIL0878083,0,0,0,0,0,0,0,0,1,0,0,0
2059210/data_sounds_http___archive_org_download_mj2007_02_23_shnf_mj_2007_02_23t11_mp3,1,0,0,0,0,0,0,0,0,0,0,0
446/MIL0882243,0,0,0,0,0,0,0,0,1,0,0,0
9200369/webclient_DeliveryManager_pid_7875497_custom_att_2_simple_viewer,0,0,0,0,0,0,0,0,0,0,1,0
9200369/webclient_DeliveryManager_pid_7781105_custom_att_2_simple_viewer,0,0,0,0,0,0,0,0,1,0,0,0
446/MIL0869761,0,0,0,1,1,0,0,1,0,0,0,0
2059210/data_sounds_http___archive_org_download_abird2003_05_17_flacf_abird2003_05_17t08_mp3,1,0,0,0,0,0,0,1,0,0,1,0
9200369/webclient_DeliveryManager_pid_7879499_custom_att_2_simple_viewer,0,0,0,0,0,0,0,0,0,0,1,0
2059210/data_sounds_http___archive_org_download_gds2009_05_08__flac16_gds2009_05_08t01_mp3,1,0,1,0,1,0,0,0,0,0,0,0
496/MIL0873690,0,0,0,0,1,0,0,0,0,0,0,0
496/MIL0866619,0,0,0,0,0,0,0,0,1,0,0,0
2059210/data_sounds_http___archive_org_download_CVB1986_10_17_aud_CVB1986_10_17_aud_t14_mp3,0,0,0,0,1,1,0,0,0,0,0,0
2059210/data_sounds_http___archive_org_download_jakeshimabukuro2008_06_15_r09_jakeshimabukuro2008_06_15t03_mp3,1,0,0,0,1,0,0,0,0,0,0,0
2059210/data_sounds_http___archive_org_download_cvb1988_07_18_cvb1988_07_18t01_mp3,0,0,0,0,1,0,0,0,0,0,1,0
496/MIL0868178,1,0,0,0,0,0,0,0,0,0,0,0
496/LO11367513,0,0,1,0,1,0,0,1,0,1,0,0
2059210/data_sounds_http___archive_org_download_vanderark2009_09_27_flac16_vanderark2009_09_27d01t03_mp3,1,0,0,0,0,0,0,0,0,0,0,0
496/MIL0882625,0,0,0,1,0,0,0,0,0,0,0,0
496/MIL0879618,0,0,0,0,0,0,0,0,0,0,1,0
9200369/webclient_DeliveryManager_pid_8408276_custom_att_2_simple_viewer,0,0,0,0,0,0,0,0,1,0,0,0
496/TO01796365,0,0,0,0,0,0,0,0,0,0,1,0
2059210/data_sounds_http___archive_org_download_glen2004_12_16_m300_flac16_glen2004_12_16t17_mp3,1,0,0,0,0,0,0,0,0,0,0,0
496/MIL0865312,0,0,1,0,1,1,0,0,0,0,0,0
446/LO11483931,0,0,0,0,0,0,0,0,0,0,0,1
496/MIL0877062,0,0,0,0,0,0,0,0,0,0,0,0
9200369/webclient_DeliveryManager_pid_8364525_custom_att_2_simple_viewer,0,0,0,0,0,0,0,0,0,0,1,0
496/MIL0875150,0,0,0,0,0,0,0,0,1,0,0,0
496/MIL0877604,1,0,0,0,0,0,0,0,0,0,0,0
446/LO11352940,0,0,0,0,0,1,0,0,0,0,0,0
2059210/data_sounds_http___archive_org_download_BackyardTireFire2008_09_12_matrix_BackyardTireFire2008_09_12d1t02_mp3,0,0,1,0,1,1,0,0,0,0,0,0
9200369/webclient_DeliveryManager_pid_8383654_custom_att_2_simple_viewer,0,0,0,0,0,0,0,0,1,0,0,0
2059210/data_sounds_http___archive_org_download_mickthomas2010_01_01_zoomh2_flac16_mickthomas2010_01_01t15_mp3,0,0,1,0,1,1,0,0,0,0,0,0
496/MIL0870417,0,0,0,0,0,0,0,1,0,0,0,0
496/LO11251675,0,0,0,0,1,1,0,0,0,0,0,0
2059210/data_sounds_http___archive_org_download_cp2014_12_17_cp2014_12_17d02t24_mp3,0,1,0,0,0,0,0,0,0,0,0,0
9200369/webclient_DeliveryManager_pid_7789770_custom_att_2_simple_viewer,0,0,0,0,0,0,0,0,1,0,0,0
496/MIL0872838,0,0,0,0,0,0,0,0,1,0,0,0
496/MIL0865585,0,0,1,0,1,1,0,0,0,0,0,0
2059210/data_sounds_http___archive_org_download_cvb1988_07_18_cvb1988_07_18t03_mp3,0,1,0,0,1,0,0,0,0,0,1,0
2059210/data_sounds_http___archive_org_download_wz1995_07_29_aud_DSM_6p_arf_flac16_d02t02_mp3,1,0,0,0,1,0,0,0,0,0,0,0
9200369/webclient_DeliveryManager_pid_8408126_custom_att_2_simple_viewer,0,0,0,0,0,0,0,1,0,0,0,0
9200369/webclient_DeliveryManager_pid_7649623_custom_att_2_simple_viewer,0,0,0,0,0,0,0,0,1,0,0,0
496/MIL0875952,0,0,0,0,0,0,0,0,1,0,0,0
496/MIL0865574,0,0,1,0,1,0,0,1,0,0,0,0
9200369/webclient_DeliveryManager_pid_7649526_custom_att_2_simple_viewer,0,0,0,0,0,0,0,0,1,0,0,0
2059210/data_sounds_http___archive_org_download_gds2009_05_08__flac16_gds2009_05_08t07_mp3,0,0,0,0,1,1,0,0,0,0,0,0
496/MOD1540403,0,0,0,0,1,0,0,0,0,0,0,0
446/LO11410357,1,0,0,0,0,0,0,0,0,0,0,0
2059210/data_sounds_http___archive_org_download_midnites1982_11_27_sbd_streeter_miller_113053_flac16_BobbyAndTheMidnites1982_11_27d1t14_mp3,0,0,0,0,1,0,0,0,0,0,0,0
2059210/data_sounds_http___archive_org_download_glen2004_12_16_m300_flac16_glen2004_12_16t10_mp3,1,0,0,0,0,0,0,0,0,0,0,0
496/UBO4048503,0,0,1,0,1,1,0,0,0,1,0,0
496/MIL0864315,1,0,0,0,0,0,0,0,0,0,0,1
9200369/webclient_DeliveryManager_pid_8396222_custom_att_2_simple_viewer,0,0,0,0,0,0,0,0,1,0,0,0
2059210/data_sounds_http___archive_org_download_bhsurfers2002_07_20_fob_flacf_buttholesurfers2002_07_20d2t04_mp3,0,0,1,0,1,1,0,0,0,0,0,0
496/MIL0871424,0,0,0,0,0,0,0,0,1,0,0,0
9200369/webclient_DeliveryManager_pid_8367996_custom_att_2_simple_viewer,0,0,0,0,0,0,0,0,1,0,0,0
446/RAV1851747,0,0,0,0,0,0,0,0,0,0,0,0
2059210/data_sounds_http___archive_org_download_AE2014_04_03_MK4V_SBD_Matrix_flac16_AlejandroEscovedo2014_04_03_MK4V_SBD_Matrix__12_mp3,0,0,0,0,1,1,0,0,0,0,0,0
496/MIL0871918,0,0,0,0,0,1,0,0,0,1,0,0
496/MIL0867228,0,0,0,0,1,0,0,0,0,1,0,0
496/MIL0872887,0,0,0,0,0,0,0,0,0,0,1,0
9200369/webclient_DeliveryManager_pid_8382143_custom_att_2_simple_viewer,0,0,0,0,0,0,0,0,1,0,0,0
446/UBO2823838,1,0,0,0,1,0,0,0,0,0,0,0
496/MIL0877593,0,0,0,0,0,0,0,0,1,0,0,0
9200369/webclient_DeliveryManager_pid_7411133_custom_att_2_simple_viewer,0,0,0,0,0,0,0,0,1,0,0,0
2059210/data_sounds_http___archive_org_download_btf2008_05_25_akg426_flac16_btf2008_05_25t10_mp3,0,0,0,0,1,1,0,0,0,0,0,0
9200369/webclient_DeliveryManager_pid_8405921_custom_att_2_simple_viewer,0,0,0,0,0,0,0,1,0,0,0,0
496/BRI0436292,0,0,0,0,1,1,0,0,0,0,0,0
2059210/data_sounds_http___archive_org_download_kevnkinneyband2003_09_22_flac16_kevnkinneyband2003_09_22t03_mp3,0,0,1,0,1,1,0,0,0,0,0,0
446/MOD1568344,0,0,0,0,1,1,0,0,0,0,0,0
496/LO11404976,1,0,0,0,1,0,0,0,0,0,0,0
496/MIL0875798,0,0,0,0,0,0,0,0,1,0,0,0
446/UBO3819223,1,0,0,0,0,0,0,1,0,0,0,0
446/LO11367855,1,0,0,0,0,0,0,0,0,0,0,0
496/MIL0868925,0,0,0,0,0,0,0,1,0,0,0,0
2059210/data_sounds_http___archive_org_download_bt2007_12_04_flac16_bt2007_12_04t09_mp3,0,0,0,0,1,1,0,0,0,0,0,0
2059210/data_sounds_http___archive_org_download_hday2003_12_15_shnf_hday2003_12_1503_mp3,1,0,0,0,0,0,0,0,0,0,0,0
2059210/data_sounds_http___archive_org_download_gdg2010_01_10_live2cd_flac16_gavindegraw2010_01_10d2t02_mp3,1,0,0,0,0,1,0,0,0,0,0,0
9200369/webclient_DeliveryManager_pid_8391547_custom_att_2_simple_viewer,0,0,0,0,0,0,0,0,1,0,0,0
446/MIL0877939,0,0,0,0,1,0,0,0,0,0,0,1
446/UBO3931586,1,1,0,0,0,0,0,0,0,0,0,0
496/MIL0875997,0,0,0,0,0,0,0,0,1,0,0,0
9200369/webclient_DeliveryManager_pid_7780225_custom_att_2_simple_viewer,0,0,0,0,0,0,0,0,1,0,0,0
9200369/webclient_DeliveryManager_pid_8366574_custom_att_2_simple_viewer,0,0,0,0,0,0,0,0,1,0,0,0
496/LO11326161,0,0,1,0,0,0,0,0,0,0,0,0
9200369/webclient_DeliveryManager_pid_8385174_custom_att_2_simple_viewer,0,0,0,0,0,0,0,0,1,0,0,0
446/BRI0436288,0,0,1,0,1,1,0,0,0,0,0,0
496/UBO1404246,0,0,0,0,0,0,0,0,1,0,0,0
9200369/webclient_DeliveryManager_pid_7871906_custom_att_2_simple_viewer,0,0,0,0,0,0,0,0,1,0,0,0
2059210/data_sounds_http___archive_org_download_bt2005_10_08_flac16_bt2005_10_08d2t07_mp3,0,0,0,0,1,1,0,0,0,0,0,0
2059210/data_sounds_http___archive_org_download_kevnkinney2003_05_25_flac16_kkstar2003_05_25t01_mp3,1,0,0,0,0,0,0,0,0,0,0,0
496/MIL0871256,1,0,0,0,0,0,0,0,0,0,0,0
446/MIL0879596,0,0,0,1,0,0,0,0,0,0,1,0
2059210/data_sounds_http___archive_org_download_keller2014_05_31_16bit_Keller2014_05_31T02_mp3,1,1,0,0,0,0,0,0,0,0,0,0
496/TSA1352689,0,0,1,0,0,0,0,1,0,0,0,0
2059210/data_sounds_http___archive_org_download_bc2005_06_30_flac16_bc2005_06_30t09_mp3,0,0,0,0,1,1,0,0,0,0,0,0
2059210/data_sounds_http___archive_org_download_DWatson2008_04_09_DWatson2008_04_09d2t03_mp3,1,0,0,0,1,0,0,0,0,0,0,0
496/MIL0883133,0,0,0,0,0,0,0,0,1,0,0,0
9200369/webclient_DeliveryManager_pid_7873829_custom_att_2_simple_viewer,0,0,0,0,0,0,0,0,1,0,0,0
2059210/data_sounds_http___archive_org_download_mj2007_02_23_shnf_mj_2007_02_23t06_mp3,1,0,0,0,1,0,0,0,0,0,0,0
446/MIL0865991,0,0,1,0,0,1,0,0,0,0,1,0
2059210/data_sounds_http___archive_org_download_oprh2007_08_23_flac16_oprh2007_08_23t03_mp3,0,0,1,0,1,1,0,0,0,0,0,0
496/MIL0871749,1,0,0,0,1,0,1,0,0,0,0,0
9200369/webclient_DeliveryManager_pid_8376245_custom_att_2_simple_viewer,0,0,0,0,0,0,0,0,1,0,0,0
446/LO11535903,0,0,1,0,1,0,0,0,0,1,0,0
2059210/data_sounds_http___archive_org_download_bt2010_08_14_flac24_bt2010_08_14t09_mp3,0,0,1,0,1,0,1,0,0,0,0,0
9200369/webclient_DeliveryManager_pid_8380144_custom_att_2_simple_viewer,0,0,0,0,0,0,0,0,1,0,0,0
9200369/webclient_DeliveryManager_pid_8377827_custom_att_2_simple_viewer,0,0,0,0,0,0,0,0,0,0,1,0
2059210/data_sounds_http___archive_org_download_glen1998_11_01_flac16_glen1998_11_01t04_mp3,1,0,0,0,0,0,0,0,0,0,0,0
446/MIL0872798,0,0,0,1,1,0,0,0,0,0,0,0
2059210/data_sounds_http___archive_org_download_kevnkinneyband2003_09_22_flac16_kevnkinneyband2003_09_22t07_mp3,0,0,1,0,0,1,0,0,0,0,0,0
9200369/webclient_DeliveryManager_pid_7873808_custom_att_2_simple_viewer,0,0,0,0,0,0,0,1,0,0,0,0
496/MIL0867442,0,0,1,0,1,1,0,0,0,0,0,0
2059210/data_sounds_http___archive_org_download_vanderark2009_09_27_flac16_vanderark2009_09_27d02t05_mp3,1,0,0,0,0,0,0,0,0,0,0,0
2059210/data_sounds_http___archive_org_download_BackyardTireFire2008_09_12_matrix_BackyardTireFire2008_09_12d2t08_mp3,0,0,0,0,1,1,0,0,0,0,0,0
2059210/data_sounds_http___archive_org_download_emckeown2005_06_29_flac16_emckeown2005_06_29t04_mp3,0,0,1,0,1,1,0,0,0,1,0,0
496/BRI0436290,0,0,0,0,1,1,0,0,0,0,0,0
2059210/data_sounds_http___archive_org_download_wz1995_07_29_aud_DSM_6p_arf_flac16_d01t03_mp3,0,0,0,0,1,1,0,1,0,0,0,0
496/LO11355271,0,0,0,0,0,0,0,0,1,0,0,0
2059210/data_sounds_http___archive_org_download_SKellogg2006_03_01_shn_SKellogg2006_03_01_03_mp3,0,0,1,0,1,1,0,0,0,0,0,0
496/MOD1606869,0,0,1,0,1,1,0,0,0,0,0,0
9200369/webclient_DeliveryManager_pid_8393169_custom_att_2_simple_viewer,0,0,0,0,0,0,0,0,1,0,0,0
2059210/data_sounds_http___archive_org_download_CVB2007_09_19_cvb2007_09_19t13_mp3,0,0,1,0,1,1,0,0,0,0,0,0
9200369/webclient_DeliveryManager_pid_7781683_custom_att_2_simple_viewer,0,0,0,0,0,0,0,1,0,0,0,0
496/LO11331965,0,0,1,0,1,1,0,0,0,0,0,0
446/MIL0881913,0,0,0,0,1,1,0,0,0,0,0,0
446/LO11419740,1,0,0,0,1,0,0,0,0,0,0,0
496/TSA1363278,0,0,0,0,1,1,0,0,0,0,0,0
496/LO11418284,0,0,0,0,0,0,0,0,1,0,0,0
496/MIL0871575,0,0,0,0,0,0,0,0,1,0,0,0
496/MIL0872746,0,0,0,0,0,0,0,0,0,0,0,1
496/TSA1398198,0,0,0,1,0,0,0,0,0,0,1,0
446/MIL0877820,1,0,1,0,0,0,0,0,0,0,0,1
446/MIL0857665,0,0,0,0,0,0,0,0,1,0,0,0
496/PAV0050180,0,0,0,0,0,0,0,0,1,0,0,0
496/UBO3572984,0,0,0,0,1,0,0,0,0,1,0,0
2059210/data_sounds_http___archive_org_download_jgreene2004_07_30_flac16_D1T02_mp3,1,0,0,0,1,0,1,0,0,0,0,0
496/MIL0876474,0,0,0,0,1,0,0,0,0,0,0,0
496/MIL0877416,0,0,0,1,1,0,0,0,0,0,0,0
446/MIL0864494,0,0,1,0,1,0,0,0,0,1,0,0
2059210/data_sounds_http___archive_org_download_hday2013_07_20_hday2013_07_20d1t09_mp3,1,0,0,0,1,0,0,0,0,0,0,0
496/MIL0875857,0,0,0,0,0,0,0,0,1,0,0,0
9200369/webclient_DeliveryManager_pid_7786369_custom_att_2_simple_viewer,0,0,0,0,0,0,0,0,1,0,0,0
496/MIL0875993,0,0,0,0,0,0,0,0,1,0,0,0
496/MIL0871402,0,0,1,0,1,0,0,0,0,1,0,0
446/MIL0876435,0,0,0,0,0,0,0,0,1,0,0,0
2059210/data_sounds_http___archive_org_download_hd2004_04_30_flac16_hd_2004_04_30_d1t06_mp3,0,1,0,0,1,0,0,0,0,0,0,0
2059210/data_sounds_http___archive_org_download_ae2007_05_17_sbd_flac16_ae2007_05_1704_mp3,0,0,0,0,0,1,0,0,0,0,0,0
446/LO11336167,0,0,0,0,0,0,0,0,1,0,0,0
2059210/data_sounds_http___archive_org_download_jbt2011_09_02_CA_11cardioid24bit_jbt2011_09_02cardioidt02_mp3,0,0,0,0,1,0,0,0,0,0,0,0
9200369/webclient_DeliveryManager_pid_7789276_custom_att_2_simple_viewer,0,0,0,0,0,0,0,0,1,0,0,0
496/MIL0868203,0,1,0,0,1,0,0,0,0,0,0,0
9200369/webclient_DeliveryManager_pid_7782383_custom_att_2_simple_viewer,0,0,0,0,0,0,0,0,1,0,0,0
496/MIL0870885,0,0,0,0,1,1,0,0,0,0,0,0
496/UBO3623591,1,0,0,0,0,0,0,0,0,0,0,0
496/MIL0881370,0,0,0,0,0,0,0,0,0,0,1,0
9200369/webclient_DeliveryManager_pid_7881256_custom_att_2_simple_viewer,0,0,0,0,0,0,0,0,1,0,0,0
496/MOD1583927,0,0,0,0,1,1,0,0,0,0,0,0
2059210/data_sounds_http___archive_org_download_BackyardTireFire2008_09_12_matrix_BackyardTireFire2008_09_12d2t06_mp3,0,0,1,0,1,1,0,1,0,0,0,0
2059210/data_sounds_http___archive_org_download_marco2012_08_12_marco2012_08_12d1t06_mp3,0,0,1,0,1,1,0,1,0,0,0,0
2059210/data_sounds_http___archive_org_download_caitlinrose2013_04_08_zoomh2_flac16_cr2013_04_08t05_mp3,1,0,0,0,0,0,0,0,0,0,0,0
496/MIL0881934,0,0,0,0,0,0,0,0,1,0,0,0
9200369/webclient_DeliveryManager_pid_7879085_custom_att_2_simple_viewer,0,0,0,0,0,0,0,0,1,0,0,0
446/UBO3828539,0,0,0,1,1,0,0,1,0,0,0,0
2059210/data_sounds_http___archive_org_download_kw2008_07_19_shnf_kw2008_07_19d1t02_mp3,0,0,1,0,1,1,0,0,0,1,0,0
496/MIL0882262,0,0,0,0,0,0,0,0,0,0,0,1
496/MIL0879073,0,0,0,0,0,0,0,0,0,0,0,0
496/MIL0871825,0,0,0,0,1,0,0,0,0,0,0,0
496/MIL0882296,0,0,0,0,0,0,0,0,0,0,1,0
446/UBO3623603,1,0,0,0,0,0,0,0,0,0,0,0
496/LO11336187,0,0,0,0,0,0,0,0,1,0,0,0
9200369/webclient_DeliveryManager_pid_7789359_custom_att_2_simple_viewer,0,0,0,0,0,0,0,0,1,0,0,0
496/LO11381549,0,0,1,0,1,1,0,0,0,1,0,0
9200369/webclient_DeliveryManager_pid_8407462_custom_att_2_simple_viewer,0,0,0,0,0,0,0,0,1,0,0,0
9200369/webclient_DeliveryManager_pid_8373366_custom_att_2_simple_viewer,0,0,0,0,0,0,0,1,0,0,0,0
446/MIL0877256,0,0,0,0,1,0,0,1,0,0,0,0
496/MIL0857362,0,0,0,0,0,0,0,0,1,0,0,0
496/MIL0867956,0,0,0,0,0,0,1,0,0,0,0,0
496/MIL0872836,1,1,0,0,0,0,0,0,0,1,0,1
9200369/webclient_DeliveryManager_pid_8406053_custom_att_2_simple_viewer,0,0,0,0,0,0,0,0,1,0,0,0
2059210/data_sounds_http___archive_org_download_oprh2007_08_23_flac16_oprh2007_08_23t04_mp3,0,0,1,0,1,1,0,0,0,0,0,0
496/MIL0857286,0,0,0,0,0,0,0,0,1,0,0,0
446/MIL0876461,0,0,0,0,0,0,0,0,1,0,0,0
496/MIL0881938,0,0,0,1,0,0,0,1,0,0,0,0
446/CAG1648127,0,0,0,0,0,0,0,1,0,0,1,0
9200369/webclient_DeliveryManager_pid_8388299_custom_att_2_simple_viewer,0,0,0,0,0,0,0,0,1,0,0,0
496/MIL0877849,1,0,0,0,1,0,0,1,0,0,0,0
496/MIL0881491,0,0,0,0,0,0,0,0,1,0,0,0
2059210/data_sounds_http___archive_org_download_bw2013_08_18_schoepsmk41_flac16_bw2013_08_18t03_mp3,1,0,0,0,0,0,0,0,0,0,0,0
9200369/webclient_DeliveryManager_pid_8382898_custom_att_2_simple_viewer,0,0,0,0,0,0,0,1,0,0,1,0
2059210/data_sounds_http___archive_org_download_bobwalkenhorst2010_01_13_flac_bobwalkenhorst2010_01_13d2t02_mp3,1,0,0,0,0,0,0,0,0,0,0,0
496/MIL0882156,0,0,0,0,0,0,0,0,1,0,0,0
496/MIL0876537,0,0,0,0,0,0,0,0,1,0,0,0
9200369/webclient_DeliveryManager_pid_8391949_custom_att_2_simple_viewer,0,0,0,0,0,0,0,0,1,0,0,0
9200369/webclient_DeliveryManager_pid_7783581_custom_att_2_simple_viewer,0,0,0,0,0,0,0,0,1,0,0,0
9200369/webclient_DeliveryManager_pid_8382704_custom_att_2_simple_viewer,0,0,0,0,0,0,0,0,1,0,0,0
446/UFE0959310,1,0,0,0,0,0,0,0,0,0,0,0
496/MOD1585290,1,0,0,0,0,0,1,0,0,0,0,0
446/MIL0878398,0,0,0,0,1,0,0,0,0,0,0,0
496/UBO3747643,0,0,0,0,0,0,0,1,0,0,0,0
496/UBO3989805,0,0,0,0,0,0,0,0,0,0,1,0
2059210/data_sounds_http___archive_org_download_cp2014_12_17_cp2014_12_17d02t28_mp3,1,1,0,0,1,0,0,0,0,0,0,0
446/MIL0879594,0,0,0,0,0,0,0,0,1,0,0,0
496/MIL0864575,0,0,0,0,1,0,0,0,0,1,0,0
496/MIL0882055,0,0,0,0,0,0,0,0,1,0,0,0
2059210/data_sounds_http___archive_org_download_bobwalkenhorst2003_06_18_shnf_bobwalkenhorst2003_06_18d1t02_mp3,1,0,0,0,0,0,0,0,0,0,0,0
496/MIL0881544,0,0,0,0,0,0,0,0,1,0,0,0
446/LO11481479,0,0,1,0,0,0,0,0,0,0,0,0
496/MIL0881991,0,0,0,0,0,0,0,0,1,0,0,0
446/MOD1565166,0,0,0,0,0,0,0,0,0,1,0,0
9200369/webclient_DeliveryManager_pid_7378449_custom_att_2_simple_viewer,0,0,0,0,0,0,0,0,1,0,0,0
9200369/webclient_DeliveryManager_pid_9797048_custom_att_2_simple_viewer,0,0,0,0,0,0,0,0,1,0,0,0
496/LO11555020,0,0,0,0,0,0,0,0,0,1,0,0
496/TSA1361659,0,0,0,0,0,0,0,0,1,0,0,0
446/MIL0865423,1,0,1,1,0,0,0,0,0,0,0,1
446/MIL0881611,0,0,1,0,1,1,0,0,0,0,0,0
446/LO11420014,0,0,0,1,1,1,0,0,0,1,0,0
9200369/webclient_DeliveryManager_pid_8391328_custom_att_2_simple_viewer,0,0,0,0,0,0,0,1,0,0,0,0
2059210/data_sounds_http___archive_org_download_hbr2007_01_19_sbd_flac16_hbr2007_01_19d2t04RightBetweenYourEyes_mp3,1,1,0,0,0,0,0,0,0,0,0,0
496/UBO3886543,0,0,0,0,1,0,0,0,0,0,0,0
446/MIL0865284,0,0,0,0,0,0,0,0,1,0,0,0
496/MIL0876242,1,0,0,0,0,0,0,0,0,0,0,0
446/MIL0872063,0,0,0,0,1,0,0,0,0,0,1,0
9200369/webclient_DeliveryManager_pid_8403791_custom_att_2_simple_viewer,0,0,0,0,0,0,0,0,1,0,0,0
446/MIL0883140,0,0,0,0,0,0,0,0,1,0,0,0
446/UBO3950805,0,0,0,1,1,0,0,1,0,0,0,1
446/MIL0867443,0,0,0,0,1,0,0,0,0,0,0,0
496/MIL0875136,0,0,0,0,0,0,0,0,1,0,0,0
446/UBO3819249,0,0,0,0,0,1,0,0,0,0,0,0
496/LO11354018,0,0,1,0,0,1,0,0,0,0,0,0
9200369/webclient_DeliveryManager_pid_7787507_custom_att_2_simple_viewer,0,0,0,0,0,0,0,0,1,0,0,0
2059210/data_sounds_http___archive_org_download_wz1995_07_29_aud_DSM_6p_arf_flac16_d01t04_mp3,0,0,1,0,1,1,0,0,0,1,0,0
2059210/data_sounds_http___archive_org_download_kw1999_08_07_shnf_keller1999_08_07t04_mp3,0,1,0,0,0,0,0,0,0,0,0,0
496/MIL0876442,0,0,0,0,0,0,0,0,1,0,0,0
446/MIL0877603,1,0,0,0,0,0,0,0,0,0,0,0
446/MIL0881747,0,0,0,0,0,0,0,1,0,0,0,0
2059210/data_sounds_http___archive_org_download_bhsurfers2002_07_20_fob_flacf_buttholesurfers2002_07_20d2t01_mp3,0,0,1,0,1,1,0,0,0,0,0,0
2059210/data_sounds_http___archive_org_download_hd2004_04_30_flac16_hd_2004_04_30_d1t11_mp3,1,0,0,0,0,1,0,0,0,0,0,0
496/MIL0877507,0,0,0,0,0,0,0,0,0,0,0,1
446/MIL0876504,0,0,0,0,0,0,0,0,0,0,1,0
496/MIL0879593,0,0,0,0,0,0,0,0,1,0,0,0
9200369/webclient_DeliveryManager_pid_7651294_custom_att_2_simple_viewer,0,0,0,0,0,0,0,0,1,0,0,0
2059210/data_sounds_http___archive_org_download_jbt2011_09_02_CA_11cardioid24bit_jbt2011_09_02cardioidt01_mp3,0,0,0,0,1,1,0,0,0,0,0,0
2059210/data_sounds_http___archive_org_download_cp2014_12_17_cp2014_12_17d02t20_mp3,1,1,0,0,0,0,0,0,0,0,0,0
496/UBO3118238,0,0,0,0,1,0,0,1,0,0,0,0
446/LO11323108,0,0,0,0,1,0,0,0,0,1,0,0
496/MIL0871837,0,0,0,0,1,0,0,0,0,1,0,0
446/MIL0881294,0,0,0,0,1,0,0,0,0,0,0,0
9200369/webclient_DeliveryManager_pid_8373576_custom_att_2_simple_viewer,0,0,0,0,0,0,0,0,0,0,1,0
2059210/data_sounds_http___archive_org_download_caitlinrose2013_04_08_zoomh2_flac16_cr2013_04_08t14_mp3,1,0,0,0,0,0,0,0,0,0,0,0
2059210/data_sounds_http___archive_org_download_gdg2010_01_10_live2cd_flac16_gavindegraw2010_01_10d1t05_mp3,0,0,1,0,1,0,0,1,0,0,0,0
496/MIL0882947,0,0,0,0,0,0,0,0,1,0,0,0
496/MIL0871559,0,0,0,0,0,0,0,0,1,0,0,0
496/MIL0865424,1,0,0,0,0,1,0,0,0,1,0,0
496/MIL0867446,0,0,0,0,1,0,0,1,0,0,0,0
446/MIL0876471,0,0,0,0,0,0,0,0,1,0,0,0
496/MIL0872881,0,0,0,1,0,0,0,0,0,0,0,1
446/MIL0876525,0,0,0,0,0,0,0,0,1,0,0,0
2059210/data_sounds_http___archive_org_download_gp2013_04_27_aud_flac16_gp2013_04_27t11_mp3,1,0,0,0,0,0,0,0,0,0,0,0
9200369/webclient_DeliveryManager_pid_8363748_custom_att_2_simple_viewer,0,0,0,0,0,0,0,0,1,0,0,0
496/MIL0863765,0,0,0,0,0,0,0,0,0,1,0,0
496/MIL0868562,0,0,0,1,0,0,0,1,0,0,0,0
496/MIL0882729,0,0,0,0,0,0,0,0,0,0,1,0
496/MOD1540742,0,0,0,0,1,0,0,0,0,1,0,0
446/MIL0881654,0,0,0,0,0,0,0,0,0,0,1,0
2059210/data_sounds_http___archive_org_download_emckeown2005_06_29_flac16_emckeown2005_06_29t06_mp3,0,0,1,0,1,1,0,0,0,0,0,0
496/LO11323538,0,0,0,0,0,0,0,0,0,1,0,0
2059210/data_sounds_http___archive_org_download_emckeown2005_06_29_flac16_emckeown2005_06_29t16_mp3,0,0,0,0,0,0,0,1,0,0,0,0
9200369/webclient_DeliveryManager_pid_7788538_custom_att_2_simple_viewer,0,0,0,0,0,0,0,0,1,0,0,0
9200369/webclient_DeliveryManager_pid_8374108_custom_att_2_simple_viewer,0,0,0,0,0,0,0,0,1,0,0,0
2059210/data_sounds_http___archive_org_download_mj2007_02_23_shnf_mj_2007_02_23t07_mp3,0,0,1,0,1,1,0,0,0,0,0,0
446/MIL0881742,0,0,0,0,0,0,0,1,0,1,0,0
446/MIL0865431,0,0,0,0,0,0,0,0,1,0,0,0
496/MIL0882058,0,0,0,0,0,0,0,0,1,0,0,0
2059210/data_sounds_http___archive_org_download_DWatson2008_04_09_DWatson2008_04_09d1t05_mp3,1,0,0,0,1,0,0,0,0,0,0,0
496/TO10002442,0,0,0,0,0,0,0,0,0,1,0,0
446/MIL0883147,0,0,0,0,0,0,0,0,1,0,0,0
2059210/data_sounds_http___archive_org_download_DWatson2008_04_09_DWatson2008_04_09d1t20_mp3,0,0,0,0,1,1,0,0,0,0,0,0
496/MIL0872890,0,0,1,1,0,0,0,0,0,0,0,0
446/MIL0872871,0,0,0,0,0,0,0,0,0,0,1,0
